Surface,Rooms,Bedrooms,Floor,Location,Elevator,Balcony,Price
84.9,4,2,4,Suburbs,0,0,349982
65.9,1,0,3,City Center,0,0,540832
89.4,4,3,5,Suburbs,1,0,454443
115.7,5,4,2,Downtown,0,0,827146
63.0,2,1,14,Downtown,1,1,542789
63.0,2,1,10,Downtown,1,0,503334
117.4,5,4,4,Suburbs,0,0,468906
93.0,2,0,1,City Center,0,1,822535
55.9,2,0,10,City Center,1,0,500175
86.3,3,1,5,City Center,1,1,748687
56.1,2,1,12,City Center,1,1,525609
56.0,3,2,14,Suburbs,1,1,291913
77.3,4,3,11,City Center,1,0,751962
15.0,1,0,5,Suburbs,1,0,75363
18.3,1,0,4,Downtown,1,0,142691
53.1,3,2,5,Suburbs,1,0,273593
39.6,2,1,10,Downtown,1,1,335112
79.4,3,1,6,Suburbs,1,1,407369
42.8,2,0,11,City Center,1,1,370770
27.6,1,0,4,Suburbs,0,1,110232
114.0,5,3,0,City Center,1,1,893766
63.2,1,0,7,Suburbs,1,0,311538
72.0,1,0,3,Suburbs,1,0,320716
27.3,1,0,8,City Center,1,1,251583
53.7,3,1,13,City Center,1,0,451764
73.3,1,0,9,Suburbs,1,0,342585
35.5,1,0,11,Downtown,0,0,246058
81.3,2,1,5,Countryside,1,1,237934
52.0,3,1,0,Countryside,0,0,115425
61.2,2,0,2,City Center,0,1,467320
51.9,2,1,2,Countryside,0,1,129439
125.6,5,4,9,Countryside,1,0,343964
69.6,1,0,11,Suburbs,0,0,295664
38.3,2,0,11,Downtown,1,0,314274
94.7,3,2,3,Suburbs,0,1,430490
33.4,2,1,5,Downtown,1,1,286574
76.3,2,0,14,Downtown,1,1,646128
15.0,1,0,6,City Center,1,0,123164
30.2,1,0,9,Suburbs,1,0,139528
75.9,2,0,3,Downtown,0,0,541494
92.2,2,1,5,City Center,1,1,941456
75.1,3,2,10,Suburbs,1,0,388610
66.5,1,0,0,Downtown,1,0,459746
61.0,2,0,13,Suburbs,1,0,319406
25.6,1,0,7,City Center,1,0,219378
48.4,2,0,6,Suburbs,1,0,253033
56.2,1,0,14,City Center,1,0,497674
101.7,4,3,10,Suburbs,1,0,487937
80.3,3,1,10,City Center,1,0,732320
17.1,1,0,8,Suburbs,0,1,71224
79.7,3,1,2,Suburbs,0,1,384301
58.4,2,1,1,Countryside,0,0,147573
49.7,1,0,0,Suburbs,0,1,221084
88.4,4,2,2,Suburbs,0,0,421997
100.9,4,3,4,Suburbs,1,0,549111
97.9,4,3,13,City Center,1,1,944915
44.8,1,0,10,Suburbs,1,1,231446
60.7,1,0,1,City Center,0,1,492400
79.9,2,1,11,Downtown,1,0,654042
99.3,3,1,2,City Center,0,0,759396
55.6,2,1,14,Suburbs,1,1,293561
64.4,2,0,14,Suburbs,1,0,303290
36.8,1,0,14,Suburbs,1,0,179173
34.1,1,0,3,City Center,1,1,296209
94.4,2,1,6,Suburbs,1,1,476668
110.7,4,3,12,Suburbs,1,1,551762
67.8,1,0,2,Countryside,0,0,162538
100.1,4,2,14,Suburbs,1,1,542347
80.8,2,1,8,Suburbs,1,0,384168
50.6,2,0,7,Suburbs,1,0,243685
80.8,4,3,3,Suburbs,0,1,347776
116.1,4,3,12,Suburbs,1,0,575429
68.9,2,1,0,Suburbs,1,0,289638
116.9,5,4,0,City Center,1,1,923414
15.0,1,0,0,City Center,0,0,107304
94.7,3,2,0,City Center,0,0,746140
72.6,1,0,7,City Center,1,0,581446
61.0,3,2,2,Suburbs,0,0,278699
72.8,1,0,14,Suburbs,0,0,294071
15.0,1,0,5,City Center,1,1,136662
63.4,3,1,2,Downtown,1,1,503500
80.7,4,2,10,City Center,1,0,739841
114.3,4,2,4,Countryside,1,1,336097
54.5,2,1,12,Suburbs,1,0,268284
45.7,1,0,14,Suburbs,1,0,215757
54.9,2,1,13,City Center,1,1,512727
97.5,2,1,12,Suburbs,1,0,476943
79.9,4,2,14,Suburbs,1,1,434112
54.1,1,0,6,Downtown,1,0,433875
85.4,3,1,1,Suburbs,0,1,378847
72.9,1,0,5,Downtown,1,0,607125
99.1,2,1,12,City Center,1,0,798000
48.9,1,0,5,Countryside,1,0,131630
60.2,1,0,10,Suburbs,1,1,302553
58.2,1,0,2,Countryside,0,0,150046
26.1,2,1,5,City Center,0,1,182383
78.9,3,1,9,Suburbs,1,0,374228
77.8,4,3,9,Suburbs,1,0,408312
70.2,2,0,13,Countryside,1,0,193358
63.0,2,1,4,Suburbs,0,1,264113
27.5,2,1,11,Downtown,1,1,227867
57.4,2,1,1,City Center,1,0,457949
59.7,1,0,8,Downtown,1,1,513907
45.9,2,0,7,Downtown,1,0,412698
65.2,1,0,2,Downtown,1,1,508153
82.1,4,3,7,Suburbs,1,1,416050
126.6,4,3,13,Suburbs,1,0,662581
75.2,4,2,8,Downtown,1,0,610001
77.7,3,1,13,City Center,1,1,715919
67.8,1,0,14,Suburbs,1,1,363976
15.0,1,0,2,Suburbs,0,0,66867
69.2,2,0,2,Countryside,0,0,179463
71.8,1,0,1,City Center,0,0,624532
143.9,4,3,7,Suburbs,1,0,746811
64.2,3,2,9,Downtown,1,1,554569
79.0,4,3,0,City Center,1,1,611475
69.0,2,1,7,Downtown,1,0,553304
34.9,1,0,6,City Center,1,0,292608
104.3,5,3,13,Suburbs,1,0,556516
92.6,3,2,6,City Center,1,0,870451
93.7,3,1,2,City Center,1,0,739470
42.7,2,0,0,Downtown,1,0,309374
112.1,4,3,3,Suburbs,1,0,517403
27.9,1,0,8,Suburbs,1,0,146616
87.6,2,0,4,City Center,0,0,619222
135.7,5,4,0,Suburbs,1,0,579455
40.3,2,0,14,Suburbs,1,0,194523
53.0,3,1,4,Suburbs,0,0,210303
73.0,1,0,12,Suburbs,1,0,355866
54.9,3,1,7,Downtown,1,0,458963
23.5,1,0,7,Suburbs,1,0,116146
72.1,2,0,4,Suburbs,1,1,351244
38.1,1,0,11,City Center,1,1,329288
84.2,3,1,8,Countryside,1,1,245184
42.4,2,0,14,Suburbs,1,0,210804
116.5,3,1,0,Suburbs,0,1,558824
46.5,2,0,3,City Center,1,1,370649
60.3,1,0,2,Downtown,1,0,475717
94.4,2,1,1,City Center,1,0,752079
33.1,2,1,14,Countryside,1,1,103834
76.8,3,2,7,Suburbs,1,0,391482
109.2,3,2,6,City Center,1,0,978780
21.8,1,0,8,Countryside,1,1,61640
75.5,3,1,1,Suburbs,0,1,337639
77.8,3,2,13,Downtown,1,0,653324
93.5,2,1,13,Downtown,1,0,719693
32.9,1,0,3,Downtown,1,0,234868
30.4,1,0,13,City Center,1,1,290152
85.7,2,1,14,Countryside,1,0,215399
78.9,4,3,5,Suburbs,1,0,385187
77.5,4,2,10,Downtown,1,1,625429
80.4,3,2,2,Suburbs,0,0,361609
49.6,1,0,7,Downtown,1,1,426331
77.0,3,2,2,Suburbs,0,0,370828
78.8,3,1,13,Suburbs,1,0,414747
48.6,1,0,11,City Center,1,1,421225
126.0,4,3,12,Countryside,1,0,339196
84.2,4,3,12,Suburbs,1,0,502382
34.3,2,1,1,Suburbs,1,0,152420
89.7,3,1,12,Countryside,1,1,243419
40.8,2,1,12,Suburbs,1,1,201029
93.6,2,1,2,City Center,1,1,777086
104.8,3,1,10,Suburbs,1,0,509729
45.4,1,0,5,Suburbs,1,0,222601
98.9,4,3,1,Suburbs,1,0,444573
82.4,4,2,7,City Center,1,1,747507
94.7,2,1,0,City Center,0,0,685335
126.9,4,3,6,City Center,1,1,1174124
62.6,1,0,1,Countryside,0,0,157447
47.4,1,0,9,City Center,1,1,441301
43.3,2,1,11,Suburbs,1,1,202299
45.5,1,0,5,Downtown,1,1,390553
67.7,2,0,11,City Center,1,0,537832
80.2,3,2,1,Suburbs,0,0,357731
78.3,4,3,1,Countryside,0,0,202189
94.8,3,1,9,Downtown,1,0,824865
70.4,2,0,12,Countryside,1,0,197284
113.6,3,2,7,Countryside,1,0,323683
62.1,2,1,14,Downtown,1,0,505812
151.6,5,3,14,Suburbs,1,1,754966
88.8,2,1,11,Downtown,1,1,858118
44.3,2,1,1,City Center,1,0,369057
37.9,2,0,6,Downtown,1,1,303855
84.5,3,1,2,Suburbs,1,0,354215
63.3,3,2,7,Suburbs,1,0,306744
91.4,2,1,6,City Center,1,0,854189
84.2,4,3,13,Countryside,1,1,239621
67.8,3,1,7,City Center,1,0,531498
44.6,2,1,13,Downtown,1,0,365517
24.6,1,0,6,Downtown,1,1,209488
56.6,3,2,10,City Center,1,0,438915
95.7,4,2,5,Downtown,1,1,816043
76.4,2,1,12,Countryside,1,1,205905
32.6,1,0,6,Suburbs,1,1,151299
75.2,3,1,4,Suburbs,1,0,391502
81.6,2,0,6,City Center,1,0,681653
43.5,1,0,0,City Center,1,0,319569
74.6,2,1,0,Suburbs,0,0,308062
71.7,1,0,8,Downtown,1,0,592935
35.7,2,0,13,City Center,1,0,342682
80.7,3,1,4,Downtown,0,1,508167
86.8,3,1,12,Suburbs,1,1,436751
102.5,4,3,4,Suburbs,0,0,402320
101.6,3,1,2,Countryside,0,0,247825
28.7,1,0,4,Downtown,0,0,183608
41.9,1,0,2,Suburbs,0,0,198037
85.5,4,3,8,Suburbs,1,1,420403
85.4,3,2,8,Suburbs,1,1,429012
85.5,2,1,5,City Center,1,1,759980
185.6,8,7,14,City Center,1,1,1677350
87.1,2,0,0,Suburbs,1,0,376879
104.1,3,1,6,Suburbs,1,1,547561
98.6,3,2,6,Countryside,1,0,298094
89.5,3,2,13,Suburbs,0,0,311674
60.5,1,0,9,Suburbs,1,0,297643
92.8,4,3,9,Suburbs,1,0,428994
46.8,1,0,3,Countryside,0,0,117040
62.9,2,0,7,Downtown,1,0,543011
55.4,1,0,5,Suburbs,1,1,300053
72.5,1,0,3,Countryside,0,0,196380
139.4,4,3,3,City Center,1,0,1207761
15.0,1,0,1,Suburbs,0,0,66912
90.6,3,2,13,Suburbs,1,1,495348
21.6,1,0,1,Suburbs,0,0,104960
55.8,1,0,11,Countryside,1,1,159512
102.7,5,4,13,Downtown,1,1,926161
71.9,2,0,3,City Center,0,0,587913
37.7,2,0,4,Suburbs,1,1,200341
48.5,2,0,7,Suburbs,1,0,238675
90.4,2,0,14,City Center,1,0,773028
48.1,2,0,5,City Center,1,1,412499
76.5,3,2,13,Suburbs,1,0,376240
71.4,3,1,14,City Center,1,0,632405
50.5,1,0,3,City Center,0,0,392591
134.3,4,3,12,City Center,1,0,1169713
89.0,3,2,10,Suburbs,1,1,442824
15.0,1,0,6,Countryside,1,0,39117
75.6,2,0,7,Suburbs,1,1,406331
50.1,1,0,1,Downtown,0,0,398518
95.6,4,2,11,Suburbs,1,1,513718
46.2,2,0,6,Countryside,1,0,126802
66.6,3,1,14,Downtown,1,0,550082
85.1,2,0,13,Suburbs,1,1,411751
96.0,2,1,1,Suburbs,0,0,440956
34.0,1,0,1,Countryside,0,0,85720
60.0,1,0,7,City Center,1,0,604450
55.8,3,2,1,Suburbs,1,1,272691
50.4,1,0,14,Suburbs,1,0,253988
123.0,5,3,10,Suburbs,1,1,627233
82.1,3,2,8,City Center,1,0,760375
32.2,2,1,11,Downtown,1,0,254062
97.5,2,1,0,Suburbs,0,1,453780
133.7,6,4,14,Suburbs,1,1,646080
101.0,4,3,8,Downtown,1,1,836046
24.4,1,0,14,Suburbs,1,1,113226
55.5,2,0,0,Downtown,0,0,407578
108.0,5,4,9,Suburbs,1,0,542510
48.8,1,0,12,City Center,1,0,418332
83.3,2,1,9,Countryside,1,1,225497
93.2,4,3,1,Suburbs,1,1,461761
42.2,1,0,5,Countryside,1,0,115536
68.2,2,1,5,Downtown,1,0,542293
15.0,1,0,0,Countryside,0,0,39048
39.3,1,0,6,Suburbs,1,1,194228
62.4,2,0,7,Downtown,1,0,545344
32.6,1,0,1,Suburbs,0,0,138257
119.0,5,3,7,Suburbs,1,0,579910
27.1,1,0,8,Downtown,1,1,236602
56.8,2,0,5,City Center,1,1,514513
73.9,2,1,4,Countryside,1,1,206287
113.2,4,2,11,Downtown,1,0,910804
26.9,1,0,8,Countryside,1,0,68219
104.9,5,3,12,Suburbs,1,1,575329
70.3,2,0,11,Countryside,1,1,194809
40.6,2,0,10,Suburbs,1,0,204337
83.9,3,1,8,Downtown,1,0,718097
76.0,2,1,0,City Center,1,0,586516
52.0,2,1,10,City Center,1,0,442390
72.1,2,0,2,City Center,0,1,641126
58.4,2,0,8,Suburbs,1,0,297178
73.4,2,0,10,Suburbs,0,0,297722
89.9,2,1,1,Downtown,1,0,680169
117.6,3,2,11,Suburbs,1,0,632518
32.9,2,1,3,Suburbs,0,0,145498
134.0,6,4,3,City Center,0,0,1116142
15.0,1,0,1,Suburbs,0,0,65715
65.4,2,1,14,Suburbs,1,1,301844
87.6,4,2,2,City Center,0,0,644666
78.4,2,0,12,City Center,1,0,656407
51.3,3,1,2,City Center,0,1,416971
63.8,2,1,0,City Center,0,1,553687
55.2,3,1,5,Suburbs,1,1,291926
52.3,3,1,7,City Center,1,0,479468
95.5,3,2,11,Countryside,1,0,254837
80.7,2,1,2,Downtown,0,0,619248
49.2,1,0,4,Suburbs,1,0,264461
97.0,3,1,0,Downtown,0,0,649159
79.2,3,1,9,Suburbs,1,1,413951
94.4,4,2,6,Suburbs,1,0,506073
88.9,2,1,9,Downtown,1,0,770594
45.1,1,0,12,City Center,1,0,433613
53.2,2,1,0,Downtown,0,0,383084
92.4,3,1,11,City Center,1,1,864744
88.3,2,1,10,Suburbs,1,0,440482
69.4,2,1,8,City Center,1,1,647284
73.5,2,1,7,Countryside,1,1,199113
108.3,3,1,6,Suburbs,1,0,558589
52.3,3,2,9,Countryside,1,0,146272
86.4,2,1,14,Suburbs,1,1,442894
63.9,3,2,6,Suburbs,1,1,355047
63.5,2,1,4,City Center,0,0,434591
103.0,4,2,4,Suburbs,1,1,542178
94.8,3,2,10,Downtown,1,0,835114
94.4,3,2,12,Suburbs,1,1,503027
109.2,4,3,4,Downtown,0,0,675808
70.6,3,1,0,Downtown,0,0,512056
90.5,2,0,7,Suburbs,1,1,507749
60.7,2,0,11,Suburbs,1,0,273765
79.7,4,3,10,City Center,1,0,696358
66.1,2,0,0,City Center,0,0,531554
72.9,2,1,3,City Center,1,1,609177
87.9,4,2,14,Suburbs,0,1,378343
45.5,1,0,8,Suburbs,1,1,248891
132.8,5,3,13,Suburbs,1,0,666496
39.8,2,0,8,Suburbs,1,1,208557
33.6,2,0,4,Suburbs,1,0,162679
104.7,4,3,3,Suburbs,0,0,487728
93.7,4,3,2,Countryside,1,1,271975
88.7,4,2,2,City Center,0,0,721477
88.9,4,2,11,City Center,1,0,770252
69.6,3,1,4,Countryside,0,0,158715
43.1,1,0,9,Suburbs,1,0,204817
72.3,2,0,0,Suburbs,1,1,308569
49.7,1,0,4,Suburbs,0,0,188006
99.3,3,2,5,Suburbs,1,1,500939
65.6,1,0,6,City Center,1,0,572453
45.2,1,0,11,City Center,1,0,412599
60.4,3,1,8,Suburbs,1,0,294529
82.4,2,0,2,Suburbs,1,1,403965
53.1,2,0,14,Countryside,1,1,157261
45.3,1,0,1,Downtown,1,1,338507
77.3,4,3,13,Suburbs,1,1,411653
77.3,2,0,2,Countryside,0,0,206314
54.8,1,0,11,Suburbs,1,1,255376
55.9,1,0,8,Suburbs,1,1,289845
77.0,2,0,11,Countryside,1,1,213063
26.6,1,0,6,Suburbs,1,0,140567
27.8,1,0,8,Suburbs,1,0,134360
48.4,1,0,12,City Center,1,1,410246
63.6,2,0,1,Suburbs,0,1,294346
79.3,3,2,4,Downtown,0,0,492522
114.3,5,3,12,Downtown,0,1,821524
95.7,2,1,3,Countryside,0,1,241193
65.2,2,0,14,Countryside,1,0,179550
69.4,3,2,1,Suburbs,0,1,346530
39.9,2,1,8,Suburbs,1,0,208826
69.4,1,0,8,City Center,0,0,507354
61.3,2,0,5,Suburbs,1,0,302184
79.7,2,0,10,Suburbs,0,0,326223
45.2,1,0,5,Downtown,1,1,398221
85.6,3,2,7,Suburbs,1,0,403733
116.0,5,3,5,Suburbs,1,0,600002
66.7,3,2,0,Suburbs,0,0,269435
82.1,4,3,3,Suburbs,1,0,387625
90.7,2,1,12,Countryside,1,0,236156
58.0,1,0,6,City Center,1,1,578617
76.7,3,1,12,Suburbs,1,0,395051
70.4,3,2,12,Downtown,0,1,447614
72.9,1,0,1,Suburbs,0,1,337875
46.8,2,0,8,City Center,1,0,402014
70.7,1,0,7,Suburbs,1,1,349727
84.9,4,2,7,Downtown,1,0,707180
113.5,3,1,6,City Center,1,0,954620
98.8,3,2,3,Countryside,1,0,261532
134.6,5,4,1,Downtown,1,0,1045067
47.0,1,0,2,Suburbs,1,0,219520
96.2,4,2,11,Downtown,1,1,818518
75.5,2,1,5,Countryside,1,0,214962
135.7,6,5,11,Countryside,1,1,400487
45.8,1,0,11,Countryside,0,0,104515
44.8,2,1,4,City Center,0,1,299061
52.0,1,0,11,City Center,1,0,440560
15.0,1,0,7,Suburbs,1,0,73421
54.2,3,1,5,City Center,1,0,442769
47.2,1,0,5,Suburbs,1,0,236793
74.5,1,0,0,Downtown,0,0,568261
80.3,3,2,3,Downtown,0,1,672322
126.3,4,2,4,Suburbs,1,0,631213
98.5,4,2,11,Downtown,1,1,869430
52.7,3,2,10,Countryside,1,1,166183
43.0,1,0,2,Suburbs,1,1,211868
84.8,2,0,12,City Center,1,0,782551
30.4,1,0,8,Suburbs,1,0,139971
124.9,3,2,0,Countryside,0,1,325897
105.4,4,3,5,Suburbs,1,1,549334
55.9,1,0,5,Suburbs,1,0,276227
18.6,1,0,9,City Center,1,0,161364
110.6,3,1,4,Countryside,1,0,288008
66.6,3,2,11,Downtown,1,0,585304
107.1,3,1,14,Countryside,1,1,303619
22.2,1,0,4,Downtown,1,0,173759
52.0,2,0,9,Downtown,1,0,413387
70.2,2,0,13,Downtown,1,0,585417
71.4,2,0,12,Downtown,1,0,579773
56.5,3,2,4,Downtown,1,1,453713
88.7,2,0,5,Suburbs,1,1,421940
38.0,1,0,7,City Center,0,0,284334
65.7,2,1,1,Suburbs,1,1,302417
73.6,2,1,5,Suburbs,1,0,345334
85.4,2,1,0,Suburbs,0,0,360133
91.3,2,0,3,Suburbs,1,0,430573
36.3,1,0,13,Downtown,1,0,300588
24.0,1,0,9,Downtown,1,0,200345
108.3,3,2,2,Downtown,0,0,830257
80.0,3,1,8,Suburbs,1,1,382707
47.5,1,0,2,City Center,0,0,405982
116.5,3,1,14,City Center,1,1,967959
73.5,3,2,5,Suburbs,1,0,373066
105.4,4,2,0,City Center,0,1,850465
72.0,3,1,11,City Center,1,1,646901
131.8,4,3,5,Downtown,0,0,897826
122.7,3,1,3,Countryside,1,1,317805
62.5,3,1,7,Suburbs,1,0,315744
99.1,2,1,12,City Center,1,1,944979
89.4,2,0,10,Suburbs,1,0,425968
111.1,3,2,8,City Center,1,1,1043310
41.1,1,0,3,Downtown,0,1,351251
90.6,2,0,9,Suburbs,1,0,455435
101.8,3,2,11,Suburbs,1,0,492350
17.2,1,0,9,Suburbs,1,1,97839
34.5,1,0,5,City Center,1,0,305639
15.0,1,0,0,Suburbs,0,0,64867
61.9,1,0,3,Countryside,0,0,159836
91.5,2,0,6,Suburbs,1,0,464119
115.1,4,3,11,City Center,1,1,1027920
72.2,2,0,14,Suburbs,1,0,361605
118.9,5,3,0,Suburbs,1,0,532497
28.6,2,1,7,Downtown,1,1,239033
18.9,1,0,11,Suburbs,1,1,94552
68.3,3,2,9,Suburbs,1,0,333904
81.5,3,2,11,Suburbs,1,0,382148
69.0,1,0,10,Suburbs,1,1,340557
15.0,1,0,5,Suburbs,1,1,73878
67.3,2,0,4,Suburbs,1,0,324343
30.9,2,0,9,Suburbs,1,0,159711
90.1,2,1,10,Downtown,1,0,799166
81.0,2,1,14,Suburbs,0,0,326246
41.8,1,0,13,Downtown,1,0,353522
54.6,2,1,8,Suburbs,1,1,282406
38.2,1,0,1,Downtown,0,0,256511
68.1,2,0,4,Downtown,1,1,531086
98.7,3,2,5,Suburbs,1,0,508313
40.4,1,0,6,Downtown,1,1,358848
85.1,3,2,4,City Center,0,1,633362
54.1,2,1,8,Downtown,1,0,443362
46.2,1,0,0,Suburbs,1,0,177805
66.8,1,0,6,City Center,1,0,558876
38.9,2,0,9,Suburbs,1,1,190080
53.4,2,0,6,Downtown,1,1,469095
34.1,1,0,3,City Center,1,0,273283
128.9,6,4,8,Suburbs,1,0,693556
71.1,2,1,13,Countryside,1,0,210349
49.0,1,0,11,Downtown,1,1,452247
76.4,2,0,10,Suburbs,1,0,361669
66.6,2,1,4,City Center,1,0,584634
63.4,1,0,3,City Center,1,0,504991
88.4,4,2,12,Suburbs,0,0,360856
92.7,3,2,6,Suburbs,1,1,454623
54.1,2,0,3,Downtown,0,0,439238
52.7,2,0,14,City Center,1,1,459920
61.7,1,0,2,Suburbs,0,0,255629
15.0,1,0,8,City Center,1,0,145753
24.5,1,0,10,City Center,1,1,227497
111.0,3,2,7,Suburbs,1,1,536898
119.3,4,2,0,Suburbs,1,1,521045
62.5,2,1,6,Suburbs,1,0,301134
87.3,4,3,8,Downtown,1,0,722069
79.3,2,1,7,Suburbs,1,1,421495
162.4,6,5,7,Downtown,1,0,1386204
103.6,3,1,12,Downtown,1,0,867510
66.2,1,0,5,Suburbs,1,1,338376
41.3,1,0,10,Downtown,1,1,370715
21.8,1,0,3,Suburbs,0,1,93141
76.1,4,2,7,City Center,1,1,665449
47.3,2,0,2,Countryside,0,1,118154
27.3,1,0,12,City Center,1,0,252900
50.6,3,2,8,Suburbs,1,0,241762
37.6,1,0,12,Countryside,1,0,96971
120.6,3,2,1,City Center,0,0,991299
96.4,3,1,1,City Center,1,0,736158
69.8,1,0,11,Downtown,1,0,567037
114.4,5,3,12,Suburbs,1,0,635139
72.3,3,1,14,City Center,1,0,662783
44.2,2,1,11,Suburbs,1,0,216973
115.7,5,4,6,Suburbs,1,0,570540
86.2,2,0,11,Suburbs,1,0,447064
38.9,2,1,9,Downtown,1,1,342284
64.3,1,0,3,Suburbs,0,0,296252
43.7,2,1,9,Suburbs,1,0,217929
28.5,1,0,7,Downtown,1,1,224769
97.8,4,3,8,Downtown,1,0,740349
127.3,5,4,6,City Center,1,0,1112859
28.0,2,1,4,City Center,0,0,188058
86.9,2,1,7,City Center,1,0,788918
50.5,2,0,3,Suburbs,1,1,241102
55.4,1,0,1,Suburbs,0,0,239667
52.2,1,0,10,Suburbs,1,1,268923
44.1,1,0,14,Downtown,1,0,357026
71.5,3,1,11,Countryside,1,0,217435
45.1,1,0,5,City Center,1,0,405464
78.1,4,3,8,Suburbs,1,0,357238
68.5,2,1,0,Suburbs,0,0,319493
62.8,2,1,10,Suburbs,0,0,244235
42.8,2,1,9,Suburbs,1,0,201992
52.7,2,1,11,Downtown,1,1,496944
92.7,2,1,6,Suburbs,1,0,467860
85.0,3,1,9,Suburbs,1,1,449576
40.7,1,0,8,Countryside,1,1,119779
73.0,2,0,9,Suburbs,1,0,358441
92.5,2,0,8,City Center,1,0,792500
19.9,1,0,9,Suburbs,1,0,96708
86.3,3,2,10,City Center,1,1,847068
50.1,1,0,12,Downtown,1,0,418485
87.1,4,2,2,City Center,1,1,780114
47.1,2,1,10,Suburbs,1,0,232781
15.9,1,0,12,Suburbs,1,1,78181
21.2,1,0,4,Downtown,0,0,127912
71.4,2,0,7,City Center,1,1,669656
77.8,4,3,7,City Center,1,0,744320
42.9,1,0,3,City Center,0,0,334556
89.2,3,2,14,City Center,1,0,806938
20.2,1,0,14,City Center,1,0,165909
68.0,2,1,11,Suburbs,1,1,337831
33.7,1,0,10,City Center,1,0,301215
50.4,3,2,10,City Center,1,0,406114
71.4,2,0,0,Downtown,0,0,508266
44.2,1,0,0,Suburbs,0,0,181050
58.5,1,0,14,Suburbs,1,0,299009
100.2,3,2,3,Suburbs,0,1,469797
52.7,3,1,5,Downtown,1,0,456231
95.1,2,0,7,City Center,1,1,851867
36.1,2,0,5,Downtown,1,0,278168
85.9,2,0,11,Countryside,1,0,219159
113.2,4,3,8,City Center,0,1,753033
15.0,1,0,14,Downtown,1,1,131795
46.1,1,0,14,City Center,1,0,458600
87.3,3,2,8,City Center,1,1,810344
63.9,3,1,13,Downtown,1,0,572546
81.1,4,3,1,Countryside,0,0,214241
51.9,3,1,9,Suburbs,1,1,258340
72.6,3,1,0,City Center,0,0,586667
65.3,1,0,1,Suburbs,0,0,286818
105.0,4,2,4,Countryside,0,1,229038
77.6,3,2,3,Suburbs,1,1,363043
80.1,4,2,3,Suburbs,1,0,364695
57.6,3,1,8,City Center,1,0,524831
55.4,1,0,10,City Center,1,0,472237
57.0,2,1,7,Downtown,1,1,507039
81.8,2,1,5,Suburbs,0,1,353185
57.4,1,0,0,Downtown,1,0,415988
78.7,4,2,1,Suburbs,0,0,388495
132.3,4,3,5,Countryside,1,0,388124
96.1,4,3,10,City Center,1,1,919725
60.2,3,2,1,Suburbs,0,1,279949
106.0,4,3,14,City Center,1,1,979904
57.8,1,0,12,Suburbs,1,1,303098
15.0,1,0,9,Suburbs,0,0,60283
39.8,2,1,4,Downtown,1,0,313690
15.0,1,0,13,Suburbs,0,0,52997
59.5,3,1,4,City Center,0,0,427502
70.6,3,2,5,City Center,1,0,655117
120.3,3,1,5,City Center,1,0,999445
79.8,2,1,13,Suburbs,1,1,420123
63.4,1,0,5,Countryside,0,1,141395
94.9,3,2,13,Downtown,1,0,770323
15.0,1,0,1,City Center,1,0,127864
77.1,2,0,13,Suburbs,1,0,363565
93.1,3,1,9,Suburbs,1,1,452148
25.6,1,0,13,Suburbs,1,1,142623
104.3,3,2,12,Suburbs,1,0,513692
80.2,2,1,14,Suburbs,1,0,422691
57.5,1,0,13,Suburbs,1,0,262468
89.0,3,2,2,City Center,1,0,671096
138.1,5,3,13,Countryside,1,0,363263
75.5,4,3,5,City Center,1,1,669375
77.4,2,0,12,Suburbs,1,1,367769
56.2,1,0,7,Suburbs,1,0,283970
44.5,1,0,11,Suburbs,1,1,232340
94.9,3,1,12,Downtown,1,1,771949
44.3,1,0,10,Downtown,1,0,351312
72.1,2,0,11,Downtown,1,0,575704
55.7,2,1,0,Suburbs,1,1,230975
84.4,4,2,0,Countryside,0,0,171429
80.0,4,3,10,Suburbs,1,1,407068
101.1,3,1,12,Downtown,1,1,842518
54.7,2,1,1,Suburbs,0,1,249374
61.9,2,0,10,Downtown,1,1,500520
40.6,1,0,14,Downtown,1,1,359795
56.7,1,0,11,Countryside,0,1,146109
81.3,2,0,11,City Center,1,0,687161
92.7,3,1,5,City Center,1,0,874834
42.3,1,0,8,Downtown,1,0,356180
96.1,4,3,3,City Center,1,1,809131
110.7,5,3,2,Downtown,1,0,832283
82.4,3,1,11,Suburbs,1,0,407106
126.3,5,3,7,Suburbs,1,0,662622
46.8,1,0,10,Downtown,1,1,375905
32.7,1,0,9,Suburbs,1,1,164802
16.6,1,0,13,Suburbs,1,1,90124
114.9,3,2,8,Suburbs,0,0,484164
89.6,4,2,11,Suburbs,1,1,432164
68.3,2,0,10,Countryside,1,1,192129
78.4,4,3,4,City Center,0,0,563576
36.2,1,0,8,Downtown,1,0,309257
143.4,5,4,1,Downtown,0,0,1127937
73.9,3,2,2,Suburbs,0,1,356090
73.3,2,1,6,Countryside,1,0,207608
91.8,4,2,6,Suburbs,1,0,463248
84.4,4,2,5,Suburbs,1,1,465357
76.7,4,2,5,Downtown,1,0,620837
46.3,2,1,1,City Center,1,0,371292
84.1,3,1,9,City Center,1,1,725242
126.5,5,4,5,Suburbs,1,0,589564
110.4,3,1,3,Suburbs,0,1,530418
117.8,3,1,11,Suburbs,1,0,563273
54.7,1,0,2,Countryside,0,1,143255
40.3,2,0,12,Suburbs,1,1,222594
66.2,1,0,10,Suburbs,1,0,354051
71.7,1,0,12,City Center,1,0,702717
102.8,5,4,1,Suburbs,0,1,515493
19.2,1,0,0,City Center,0,1,168355
115.9,3,2,10,City Center,1,1,1075886
65.3,1,0,10,Suburbs,1,1,318622
57.2,2,1,4,City Center,0,0,376894
39.6,2,0,1,City Center,0,0,338917
20.4,1,0,1,City Center,0,1,168529
94.7,3,2,6,Downtown,1,0,787988
72.2,1,0,7,Downtown,1,0,580613
31.3,1,0,12,Suburbs,1,0,151954
31.1,1,0,9,Downtown,1,0,262092
59.9,2,1,7,Countryside,1,0,156388
120.1,3,2,13,Suburbs,1,1,621612
62.2,2,1,3,City Center,1,0,545899
24.9,1,0,14,Countryside,1,0,61308
62.6,2,0,13,Countryside,1,1,164021
61.8,2,0,0,Suburbs,0,1,281313
15.0,1,0,10,Countryside,1,0,44163
68.4,1,0,6,Suburbs,1,0,331037
63.1,2,0,0,Countryside,1,1,138936
90.9,2,0,10,Downtown,1,1,829606
125.5,5,3,3,Suburbs,1,1,569265
103.8,5,4,7,Countryside,1,1,289359
61.9,3,1,1,Suburbs,0,1,291483
36.8,2,0,5,Suburbs,1,0,176490
147.2,5,3,12,Countryside,1,1,399585
71.8,3,1,5,City Center,1,0,606114
70.4,3,1,11,Suburbs,1,1,393169
69.3,3,2,8,City Center,1,1,666065
75.9,2,0,4,Suburbs,0,0,304630
65.7,3,2,9,Suburbs,1,0,290320
52.8,2,1,3,Countryside,0,0,138532
53.6,2,0,4,City Center,0,0,381513
69.0,2,1,11,Suburbs,1,1,330062
53.7,1,0,11,City Center,1,0,479760
48.6,1,0,9,Downtown,1,1,435678
73.2,2,1,14,Downtown,1,0,622503
62.4,1,0,10,Downtown,1,1,513375
115.1,4,2,4,Countryside,0,1,257134
15.0,1,0,7,Countryside,1,1,44139
102.7,5,3,9,City Center,1,0,908506
107.4,3,1,11,Suburbs,1,1,583242
15.0,1,0,7,Suburbs,1,0,75891
59.7,1,0,1,Countryside,0,0,154868
58.9,3,1,6,Downtown,1,0,507031
27.8,2,0,7,City Center,1,0,232118
46.7,2,1,10,Downtown,1,1,398729
36.7,2,0,5,Suburbs,1,0,179052
122.6,5,4,4,Suburbs,0,1,518387
98.1,2,1,10,City Center,1,1,911840
108.1,5,3,8,City Center,1,0,944469
91.7,3,1,12,Suburbs,1,1,438561
36.1,1,0,2,Suburbs,1,0,152468
54.3,1,0,11,City Center,1,0,486357
84.7,4,3,12,Suburbs,1,0,405148
33.3,2,1,12,Downtown,1,1,293055
91.4,3,1,9,Downtown,1,1,714482
62.8,2,0,3,Downtown,1,0,518684
58.8,2,0,8,Suburbs,1,0,301404
91.3,3,2,5,Suburbs,1,1,468864
83.3,4,3,7,Countryside,1,0,248916
59.2,3,2,6,Suburbs,1,1,316862
104.8,4,3,10,City Center,1,0,902382
37.6,1,0,1,City Center,0,0,301966
88.5,2,1,2,Suburbs,0,1,377308
87.8,2,0,0,City Center,0,0,702785
60.7,3,2,8,Suburbs,0,1,247384
79.8,3,1,12,City Center,1,1,653281
32.5,1,0,6,City Center,1,0,269711
97.7,4,2,0,Suburbs,0,0,435855
64.5,1,0,2,Suburbs,0,1,329542
54.3,3,1,3,Suburbs,0,1,256976
101.5,5,3,3,City Center,0,0,787571
48.9,1,0,4,City Center,1,1,400888
27.7,1,0,13,Suburbs,1,0,147146
23.3,1,0,2,Suburbs,0,0,109350
88.2,3,2,2,Suburbs,0,1,410100
31.6,1,0,0,Suburbs,1,0,131251
122.6,4,2,6,Downtown,1,1,1079236
15.0,1,0,10,Suburbs,1,0,76816
120.9,5,3,9,Suburbs,1,1,590113
76.3,4,3,13,Suburbs,1,0,356921
67.1,1,0,0,Suburbs,0,0,271191
53.7,1,0,1,Suburbs,0,1,243072
82.0,2,0,12,Suburbs,1,0,392791
68.9,2,0,3,Countryside,1,0,189909
103.1,4,2,12,City Center,1,0,886436
73.4,1,0,3,City Center,0,0,561519
74.5,1,0,4,Suburbs,1,1,347755
59.1,1,0,10,Downtown,1,0,484187
68.3,2,0,1,City Center,0,0,496619
79.2,3,2,3,Downtown,0,0,604058
18.7,1,0,0,Suburbs,0,0,74601
29.6,1,0,1,Downtown,0,0,234860
92.3,2,1,0,Downtown,1,0,661470
75.1,3,1,9,Suburbs,1,0,412103
64.5,3,1,9,City Center,1,1,579270
70.6,2,0,12,City Center,1,1,540942
80.4,2,0,3,City Center,0,0,703880
53.8,2,0,3,Countryside,1,0,140632
46.7,1,0,6,City Center,1,0,425422
75.9,4,2,9,Suburbs,1,0,357682
40.6,1,0,10,Suburbs,1,0,200995
82.2,4,3,10,Downtown,1,0,686028
18.9,1,0,8,City Center,1,0,164715
100.9,5,4,8,City Center,1,0,812764
84.2,4,2,4,City Center,0,0,664858
77.7,3,2,9,Downtown,1,0,669332
99.5,2,0,0,Suburbs,0,0,434307
120.0,5,3,0,City Center,1,0,971913
100.4,5,4,5,City Center,1,0,914050
15.0,1,0,1,City Center,0,0,115936
31.6,1,0,7,City Center,1,0,296128
51.3,2,0,12,Downtown,1,0,442261
70.8,3,1,8,Countryside,1,0,188904
85.5,4,3,12,Suburbs,1,0,440942
48.2,1,0,3,Downtown,1,0,364294
75.6,2,0,4,City Center,0,0,529827
47.3,2,1,10,Countryside,1,1,138307
51.7,3,2,7,Downtown,1,0,456745
27.8,1,0,2,Suburbs,0,0,123480
42.3,2,0,4,Countryside,1,1,118784
29.4,2,1,2,City Center,1,0,264083
40.7,1,0,11,City Center,1,0,355814
101.6,3,2,9,City Center,1,1,932066
41.5,1,0,2,Suburbs,1,1,215959
149.0,5,3,2,Countryside,1,0,392060
84.8,2,1,12,Downtown,0,0,525796
75.5,2,1,11,Suburbs,1,0,359676
44.2,1,0,6,Downtown,0,0,306064
91.0,3,2,14,Downtown,1,0,768370
52.7,1,0,6,City Center,1,0,468592
73.7,3,2,6,Suburbs,1,0,405156
146.8,6,5,9,City Center,1,1,1292444
67.1,3,1,7,Suburbs,1,1,341611
104.5,4,2,4,Downtown,1,0,757004
48.9,1,0,4,City Center,0,1,369619
69.0,1,0,13,Countryside,1,0,182584
123.1,4,3,3,Suburbs,0,1,612741
51.2,3,1,6,Suburbs,1,0,266107
124.4,5,3,9,Suburbs,1,0,689670
91.2,4,2,3,Suburbs,0,0,432197
53.1,1,0,14,City Center,1,0,460003
89.0,3,1,1,City Center,0,0,728148
99.2,3,2,3,City Center,0,1,802104
88.7,3,1,12,Suburbs,1,1,460497
22.9,1,0,12,City Center,1,0,199949
48.2,1,0,7,Downtown,1,0,397152
62.6,3,1,8,Suburbs,1,0,296623
67.8,3,2,2,Suburbs,0,1,325353
88.6,2,1,6,Suburbs,1,1,471412
75.3,3,2,13,Suburbs,1,1,353004
29.9,1,0,11,Downtown,1,1,245885
81.4,4,3,13,City Center,1,0,723980
88.3,4,3,8,City Center,1,0,687400
86.8,3,1,10,Countryside,1,0,260059
102.4,4,3,3,City Center,0,1,830050
95.0,2,0,9,City Center,1,0,798598
83.8,2,0,14,Suburbs,1,0,411442
67.9,1,0,2,City Center,1,1,574605
20.2,1,0,4,Suburbs,0,0,75829
82.9,2,0,0,City Center,1,0,660924
76.2,4,3,2,Downtown,0,1,612417
78.1,4,3,14,Countryside,1,0,206251
31.7,2,0,7,Suburbs,1,0,153163
37.6,1,0,10,Suburbs,1,1,177567
101.6,5,3,7,Downtown,1,1,811081
68.8,2,1,14,City Center,1,1,637133
90.4,2,0,12,Downtown,1,0,716591
70.8,2,1,3,Countryside,1,0,196827
70.9,3,2,1,Countryside,0,1,183214
98.1,4,2,12,Suburbs,1,0,453777
54.5,1,0,7,City Center,0,0,366884
72.9,1,0,7,Suburbs,1,1,392138
56.1,2,0,9,Countryside,0,0,124694
57.0,3,2,3,City Center,1,0,488189
60.7,2,0,2,Countryside,0,0,151948
76.7,2,1,1,City Center,0,0,596412
55.6,1,0,8,City Center,1,0,517840
107.7,3,2,0,City Center,1,0,783381
43.2,1,0,6,City Center,1,1,402051
64.4,1,0,4,Suburbs,0,1,256053
56.8,1,0,7,City Center,1,0,522986
113.4,5,4,3,Downtown,0,0,946387
75.9,3,1,6,Suburbs,1,0,369174
101.0,3,1,12,City Center,1,0,866449
25.4,1,0,4,Suburbs,0,1,105469
78.0,4,2,14,Downtown,0,1,508682
96.7,3,1,13,Countryside,1,1,296713
72.5,2,1,4,City Center,1,0,666092
102.0,5,4,13,Downtown,1,0,801279
54.5,3,1,8,Countryside,1,0,138325
112.3,3,1,8,City Center,1,0,933009
139.0,4,3,12,City Center,1,1,1190443
59.1,2,0,8,Suburbs,1,1,314113
56.6,1,0,11,City Center,1,0,537880
113.6,5,3,5,Downtown,1,1,1005732
117.4,5,4,5,Suburbs,1,0,575572
54.3,2,0,4,Downtown,0,0,359132
57.4,1,0,8,Suburbs,1,0,272391
61.5,2,0,9,City Center,1,0,572187
29.7,1,0,7,City Center,1,0,267612
42.4,1,0,6,Suburbs,1,1,225044
39.9,2,1,6,Countryside,1,1,109153
47.0,1,0,5,Countryside,1,0,128451
69.0,3,1,4,City Center,0,0,495934
77.0,3,1,12,City Center,1,1,750002
116.5,3,1,3,City Center,0,1,949387
40.0,1,0,2,Suburbs,0,1,196487
99.5,3,1,2,City Center,1,0,783012
63.6,3,1,5,Suburbs,1,1,359406
68.5,3,1,14,Suburbs,1,0,332796
90.2,3,2,3,Downtown,1,1,733598
36.3,1,0,11,Suburbs,1,0,181584
81.5,2,1,11,City Center,1,1,836842
75.0,4,2,5,Suburbs,1,0,376370
84.8,3,2,2,Suburbs,0,0,379208
78.7,2,0,14,Suburbs,1,0,402935
143.7,4,3,3,Downtown,0,0,1133231
50.9,1,0,14,Downtown,1,1,430092
54.1,1,0,8,City Center,1,1,464574
51.3,1,0,4,City Center,1,1,440772
53.3,3,1,12,Suburbs,1,0,276089
50.9,1,0,6,Countryside,1,1,131876
105.7,5,4,9,City Center,1,1,948333
112.6,3,2,1,Suburbs,1,0,531904
52.9,2,0,13,Suburbs,1,0,261223
45.0,2,0,13,City Center,1,1,453238
84.1,3,2,4,Suburbs,0,1,308478
53.4,1,0,8,Downtown,1,1,432936
89.0,2,1,10,City Center,1,0,694132
76.1,2,1,2,Suburbs,1,0,384118
24.5,1,0,13,Suburbs,1,0,115807
116.4,5,4,8,Downtown,1,1,892869
123.9,5,4,13,Downtown,1,1,1022947
51.6,3,2,10,Suburbs,1,0,238172
58.4,3,1,14,Countryside,1,1,160780
78.6,4,3,5,Suburbs,1,0,390758
80.0,2,1,3,Suburbs,1,1,393437
89.8,3,2,6,City Center,1,0,785118
130.3,4,2,7,City Center,1,0,1150699
64.7,3,1,5,City Center,1,0,554059
46.1,1,0,4,Suburbs,0,0,166264
28.6,1,0,5,City Center,1,0,228962
48.1,1,0,4,Downtown,1,0,379322
69.0,1,0,7,City Center,1,0,611155
123.8,4,3,0,City Center,1,1,947853
54.5,2,1,10,Suburbs,1,0,245927
76.7,2,1,6,Countryside,1,0,213533
69.5,2,1,14,City Center,1,0,662927
105.7,4,3,9,Suburbs,1,1,537040
145.8,6,5,9,Downtown,1,0,1170650
54.1,1,0,10,City Center,1,1,489990
55.3,2,0,1,Suburbs,0,1,242162
101.3,4,2,14,Downtown,1,0,788669
90.5,3,2,13,City Center,1,0,816226
125.4,6,4,8,Suburbs,1,0,652946
87.5,3,2,0,Suburbs,0,0,371311
59.2,3,2,10,Suburbs,1,1,272662
87.7,2,1,9,City Center,1,1,810795
103.3,4,3,5,City Center,1,0,1005286
94.6,4,3,8,Suburbs,1,0,463610
85.2,4,2,0,City Center,1,1,661014
102.0,5,4,3,Countryside,0,1,256213
105.1,3,1,3,Suburbs,0,0,494019
111.5,4,3,14,Suburbs,1,0,534620
89.5,4,3,8,Downtown,1,0,777851
65.0,2,0,10,Suburbs,1,1,321234
74.4,2,1,4,City Center,0,0,524857
106.2,4,3,4,Downtown,0,0,688965
45.5,1,0,5,City Center,1,1,445489
81.1,4,2,0,City Center,0,1,647848
58.2,2,1,0,Countryside,0,1,152245
70.9,1,0,14,Suburbs,1,0,353663
108.4,3,1,8,Suburbs,1,0,533208
75.7,4,2,2,City Center,0,1,635028
71.4,2,0,3,Suburbs,0,0,315085
29.2,1,0,0,City Center,0,0,227819
92.4,2,0,8,Downtown,1,0,737659
89.4,4,3,14,City Center,1,0,792941
134.9,4,3,7,Downtown,1,0,1163151
60.8,1,0,1,Suburbs,0,1,304120
76.6,3,2,7,Downtown,1,1,657700
77.5,2,0,14,Countryside,1,1,229491
117.3,3,2,6,Suburbs,1,0,603541
67.1,3,2,10,Suburbs,1,0,326535
78.4,4,2,5,City Center,1,0,764364
88.2,2,0,0,City Center,0,1,670536
75.6,2,0,14,Downtown,1,0,627961
56.6,3,1,6,Downtown,1,1,517099
75.8,4,3,9,Suburbs,0,1,335976
102.2,5,4,6,City Center,1,0,902049
39.2,1,0,12,Suburbs,1,0,204111
74.0,2,0,13,Suburbs,1,1,373911
49.0,1,0,8,Suburbs,1,1,244276
105.9,5,4,0,Countryside,0,0,236260
24.3,1,0,1,Downtown,0,0,188846
53.2,3,2,10,City Center,1,1,503338
81.3,4,2,8,Suburbs,1,0,391896
117.0,4,3,12,Suburbs,1,0,588247
68.0,1,0,8,Suburbs,1,0,382082
53.3,1,0,12,City Center,1,0,497059
126.4,6,4,5,City Center,1,0,1064597
26.6,1,0,5,Downtown,1,0,230963
15.0,1,0,3,Suburbs,1,0,65762
83.2,2,1,3,Suburbs,0,0,326605
54.9,3,1,4,Downtown,1,1,453750
39.4,2,1,2,Countryside,0,1,111572
91.3,3,1,0,City Center,0,1,764633
77.3,3,1,14,Suburbs,1,1,402460
53.1,3,2,0,Suburbs,0,0,220853
31.6,2,1,11,Countryside,1,0,89215
96.2,4,2,14,Countryside,1,1,269430
89.5,4,3,12,Suburbs,1,0,432627
67.0,1,0,6,Suburbs,1,0,350054
125.4,4,2,0,Downtown,1,1,896074
37.9,1,0,0,City Center,1,0,304274
24.2,1,0,2,City Center,0,0,191624
49.2,2,0,9,Suburbs,1,1,277293
68.6,1,0,14,City Center,0,1,463113
77.3,3,2,3,City Center,1,0,600593
62.8,2,0,3,Downtown,0,1,490988
80.6,4,3,1,Downtown,0,1,560868
32.5,2,1,0,Suburbs,0,1,124709
113.3,4,3,2,City Center,0,0,833212
67.5,2,0,10,City Center,1,0,586655
103.5,5,3,3,City Center,0,1,858296
80.3,4,2,2,City Center,1,1,686142
83.7,4,2,7,Downtown,1,1,705835
87.1,3,2,13,City Center,1,0,779726
83.4,2,1,9,Suburbs,1,0,404453
89.3,2,0,0,City Center,0,1,724024
109.9,4,3,13,Downtown,1,0,935739
75.9,3,2,1,Countryside,0,0,186650
91.3,2,0,12,Downtown,0,0,627426
67.3,1,0,6,Countryside,1,0,183727
113.2,5,3,3,Suburbs,0,1,494440
49.7,1,0,7,City Center,1,1,471923
124.0,3,2,10,Suburbs,1,0,587301
68.8,1,0,12,Suburbs,1,0,356588
27.1,2,1,2,Suburbs,1,1,130196
73.8,2,0,5,City Center,1,0,648165
49.6,1,0,8,City Center,1,0,396415
95.2,3,1,0,Suburbs,0,1,451461
50.4,1,0,0,Suburbs,1,0,211548
56.6,1,0,7,Countryside,1,1,165782
15.0,1,0,2,City Center,1,0,121702
56.4,1,0,4,Suburbs,0,0,217058
15.0,1,0,0,City Center,0,0,115099
22.5,1,0,4,City Center,0,1,160955
92.8,4,2,10,Suburbs,0,0,367732
93.6,3,1,5,City Center,1,0,823268
82.8,2,1,7,City Center,1,1,768266
41.0,1,0,12,Suburbs,1,0,208474
68.6,1,0,13,City Center,1,0,606363
69.9,3,1,2,City Center,1,0,588092
35.2,1,0,2,City Center,1,1,289575
115.1,5,4,11,City Center,1,0,1128115
96.3,4,3,10,City Center,1,0,912456
63.4,3,1,10,Suburbs,1,0,326534
70.8,1,0,9,City Center,1,0,563834
76.3,2,1,8,City Center,1,1,714158
15.0,1,0,3,Suburbs,0,1,69721
62.6,3,2,14,Suburbs,1,1,304237
49.5,1,0,3,Downtown,0,1,382973
40.0,1,0,11,Countryside,1,1,108630
61.6,2,1,6,Countryside,1,0,174087
123.9,4,3,1,Suburbs,0,1,620677
89.2,2,1,7,Suburbs,1,0,460821
52.9,1,0,5,Suburbs,1,0,298701
87.2,2,1,2,City Center,0,1,675966
